Title,Date
"Community: Staffel 5: Einführung ins Lehren!","19.02.21"
"Community: Staffel 5: Zurück nach Greendale","18.02.21"
"Community: Staffel 3: Duell in der Sonnenkammer","18.02.21"
"Community: Staffel 3: Changs Diktatur","17.02.21"
"Headspace: Eine Meditationsanleitung: Staffel 1: Sein unbeschränktes Potenzial entfalten","17.02.21"
"Community: Staffel 3: Mit Abed auf der Couch","16.02.21"
"Headspace: Eine Meditationsanleitung: Staffel 1: Umgang mit Wut","15.02.21"
"Community: Staffel 3: Chaostheorie","11.02.21"
"Community: Staffel 3: The Greendale Seven","10.02.21"
"Headspace: Eine Meditationsanleitung: Staffel 1: Umgang mit Schmerz","10.02.21"
"Community: Staffel 3: Das Traumatorium","09.02.21"
"Headspace: Eine Meditationsanleitung: Staffel 1: Gütig sein","09.02.21"
"Community: Staffel 3: Vampire und andere Dämonen","08.02.21"
"Headspace: Eine Meditationsanleitung: Staffel 1: Umgang mit Stress","08.02.21"
"Community: Staffel 3: Die Schlacht um Greendale","07.02.21"
"Community: Staffel 3: Kissen oder Decken?","05.02.21"
"Headspace: Eine Meditationsanleitung: Staffel 1: Das Leben lieben lernen","05.02.21"
"Community: Staffel 3: Die Geschäftsidee","04.02.21"
"Headspace: Eine Meditationsanleitung: Staffel 1: Loslassen","04.02.21"
"Community: Staffel 3: Der Weiberfilm","03.02.21"
"Headspace: Eine Meditationsanleitung: Staffel 1: Einleitung","03.02.21"
"Community: Staffel 3: Schwulsein für Fortgeschrittene","02.02.21"
"Community: Staffel 3: Das Lerngruppenmassaker","01.02.21"
"Community: Staffel 3: Die Magie des Tisches","31.01.21"
"Das Damengambit: Das Making-of","31.01.21"
"Die nackte Kanone","30.01.21"
"Community: Staffel 2: Für ein paar Paintballs mehr","29.01.21"
"Community: Staffel 2: Für eine Handvoll Paintballs","28.01.21"
"Community: Staffel 2: Füreinander geschaffen","27.01.21"
"Community: Staffel 2: Wahlkampf für Anfänger","27.01.21"
"Community: Staffel 2: Wer ist hier das Monster?","26.01.21"
"Community: Staffel 2: Die falsche Botschaft","25.01.21"
"Brooklyn Nine-Nine: Staffel 6: Vier Züge","24.01.21"
"Disenchantment: Teil 3: Beans Abstieg","23.01.21"
"Disenchantment: Teil 3: Der wahnsinnige König","23.01.21"
"Community: Staffel 2: Endlich ein Mann!","21.01.21"
"Disenchantment: Teil 3: Das Sparschwein","21.01.21"
"Community: Staffel 2: Fünf Stunden Breakdance","20.01.21"
"Disenchantment: Teil 3: Die Monde zum Himmel","20.01.21"
"Community: Staffel 2: Pierce – Die Doku","19.01.21"
"Disenchantment: Teil 3: Eine tiefgründige Affäre","19.01.21"
"Community: Staffel 2: Ein Kind, zwei Väter?","18.01.21"
"Disenchantment: Teil 3: Abnormitäten","18.01.21"
"Community: Staffel 2: Professor Professorson","17.01.21"
"Disenchantment: Teil 3: Auf geheimer Mission","17.01.21"
"Disenchantment: Teil 3: Wo ist die Waffe?","17.01.21"
"Disenchantment: Teil 3: Du bist diese Bean","17.01.21"
"Community: Staffel 2: Die fast nackte Wahrheit","15.01.21"
"Disenchantment: Teil 3: Ein Stockwerk über der Hölle","15.01.21"
"Community: Staffel 2: Zombie-Alarm!","14.01.21"
"Brooklyn Nine-Nine: Staffel 6: Die Tratschtante","14.01.21"
"Community: Staffel 1: Das magische Dreieck","13.01.21"
"Community: Staffel 1: Die Sache Chang","13.01.21"
"Brooklyn Nine-Nine: Staffel 6: Hitchcock und Scully","13.01.21"
"Community: Staffel 1: Last Man Standing","12.01.21"
"Community: Staffel 1: Mexanisches Halloween","10.01.21"
"Brooklyn Nine-Nine: Staffel 6: Flitterwochen","10.01.21"
"Community: Staffel 1: Angriff der Rotznasen","10.01.21"
"Community: Staffel 1: Die Spaßbremse","07.01.21"
"Community: Staffel 1: Die Parkplatzsegler","06.01.21"
"Community: Staffel 1: Grundkurs Spanisch","05.01.21"
"The Umbrella Academy: Staffel 2: Das Ende von etwas","04.01.21"
"The Umbrella Academy: Staffel 2: 743","04.01.21"
"Community: Staffel 3: Todd ist schuld!","03.01.21"
"The Umbrella Academy: Staffel 2: Die sieben Stadien","03.01.21"
"The Umbrella Academy: Staffel 2: Öga for Öga","03.01.21"
"Community: Staffel 2: Greendale, wir haben ein Problem","03.01.21"
"The Umbrella Academy: Staffel 2: Ein leichtes Abendessen","02.01.21"
"How I Met Your Mother: Staffel 1: Verliebt, verlobt, versagt","02.01.21"
"How I Met Your Mother: Staffel 8: Die Festung der Barnigkeit","02.01.21"
"Community: Staffel 1: Green Day für Arme","01.01.21"
"The Umbrella Academy: Staffel 2: Walhall","01.01.21"
"Community: Staffel 1: Trunken am Telefon","01.01.21"
"Community: Staffel 3: Verfurzte Nationen","01.01.21"
"The Umbrella Academy: Staffel 2: Die zwölf Majestäten","31.12.20"
"Community: Staffel 3: Das andere Universum","30.12.20"
"The Umbrella Academy: Staffel 2: Das Sit-in","30.12.20"
"The Umbrella Academy: Staffel 2: Das Frankel-Material","30.12.20"
"Community: Staffel 4: Die Brittastrophe","30.12.20"
"The Umbrella Academy: Staffel 2: Zurück auf Anfang","29.12.20"
"Community: Staffel 5: G.I. Jeff Geheimauftrag Cobra","28.12.20"
"The Umbrella Academy: Staffel 1: Die weiße Geige","26.12.20"
"The Umbrella Academy: Staffel 1: Veränderungen","26.12.20"
"The Umbrella Academy: Staffel 1: Ich hab das Gerücht gehört","26.12.20"
"The Umbrella Academy: Staffel 1: Der Tag, den es gab","26.12.20"
"The Umbrella Academy: Staffel 1: Der Tag, den es nicht gab","25.12.20"
"Community: Staffel 5: Ein Zylinder voller Super-Sperma","25.12.20"
"The Umbrella Academy: Staffel 1: Nummer Fünf","24.12.20"
"Community: Staffel 3: Die Kunst, umzuziehen","23.12.20"
"The Umbrella Academy: Staffel 1: Mann auf dem Mond","23.12.20"
"The Umbrella Academy: Staffel 1: Außer gewöhnlich","23.12.20"
"Community: Staffel 3: Weihnachten mit dem Glee-Club","23.12.20"
"Community: Staffel 5: Verräterisches Schwarmbewusstsein!","23.12.20"
"The Umbrella Academy: Staffel 1: Run Boy Run","22.12.20"
"GLOW: Staffel 1: Das „Dusty Spur“","22.12.20"
"GLOW: Staffel 1: Der Zorn der Vulva","22.12.20"
"The Umbrella Academy: Staffel 1: Wir sehen uns nur bei Hochzeiten und Beerdigungen","21.12.20"
"GLOW: Staffel 1: Demut. Unterwerfung.","21.12.20"
"GLOW: Staffel 1: Pilotfolge","21.12.20"
"Norsemen: Staffel 1: Die Heimkehr","21.12.20"
"Space Force: Staffel 1: Der Start","20.12.20"
"Space Force: Staffel 1: Die Rettung von Epsilon 6","20.12.20"
"Community: Staffel 5: App-Entwicklung und Katzenpunkte","20.12.20"
"Daybreak: Staffel 1: KAAA-BUUUMMMMM!","20.12.20"
"Daybreak: Staffel 1: Josh und die Apokalypse: Teil 2","19.12.20"
"Community: Staffel 4: Freaky Friday","18.12.20"
"Community: Staffel 3: Law & Order: Greendale","18.12.20"
"Daybreak: Staffel 1: Du bist Sam Dean","18.12.20"
"Community: Staffel 2: Frauenpower","17.12.20"
"Daybreak: Staffel 1: Canta Tu Vida","17.12.20"
"Daybreak: Staffel 1: 5318008","16.12.20"
"Archer: Staffel 11: Eiskalte Fusion","16.12.20"
"Community: Staffel 3: Die Doppelgänger","15.12.20"
"Daybreak: Staffel 1: Der Soundtrack unseres Lebens","15.12.20"
"Archer: Staffel 11: Beim Schlafen erwischt","15.12.20"
"Daybreak: Staffel 1: MMMMMMM-HMMMMMM","14.12.20"
"Archer: Staffel 11: Das Doppeldate","14.12.20"
"Archer: Staffel 11: Beste Freunde","14.12.20"
"Daybreak: Staffel 1: Die Schleimkönigin von Glendale","13.12.20"
"Daybreak: Staffel 1: Wie es sich so lebt in einer Apokalypse","13.12.20"
"Archer: Staffel 11: Die Roboterfabrik","13.12.20"
"Archer: Staffel 11: Handreichungen","13.12.20"
"Archer: Staffel 11: Mit stählerner Faust","12.12.20"
"Daybreak: Staffel 1: Josh und die Apokalypse: Teil 1","11.12.20"
"Archer: Staffel 11: Der Orpheus-Eröffnungszug","11.12.20"
"Community: Staffel 2: Im Tunnel der Erinnerungen","11.12.20"
"Community: Staffel 2: Liverpool gegen Manchester","11.12.20"
"Barbaren: Season 1: Die Schlacht","10.12.20"
"Community: Staffel 2: Weihnachten auf Planet Abed","10.12.20"
"Community: Staffel 1: Jeder mit jedem","10.12.20"
"Brooklyn Nine-Nine: Staffel 2: Johnny and Dora","10.12.20"
"Community: Staffel 1: Picknick unter Sternen","10.12.20"
"Community: Staffel 1: Toiletten-Talk","10.12.20"
"Brooklyn Nine-Nine: Staffel 2: The Chopper","10.12.20"
"Barbaren: Season 1: Der Verrat","09.12.20"
"Brooklyn Nine-Nine: Staffel 2: Det. Dave Majors","09.12.20"
"Community: Staffel 1: Bitte warten","09.12.20"
"Community: Staffel 1: Zweite Wahl","09.12.20"
"Community: Staffel 1: Das P-Wort","09.12.20"
"Brooklyn Nine-Nine: Staffel 2: AC/DC","09.12.20"
"Rick and Morty: Staffel 4: Star Mort Rickturn of the Jerri","09.12.20"
"Rick and Morty: Staffel 4: Urgeknallt","07.12.20"
"Rick and Morty: Staffel 4: Die Säurefass-Episode","07.12.20"
"Barbaren: Season 1: Ein neuer Reik","06.12.20"
"Rick and Morty: Staffel 4: Eier für alle und alles für Eier","06.12.20"
"Rick and Morty: Staffel 4: Lug und Trug im Zug","06.12.20"
"Rick and Morty: Staffel 4: Terminatter: Genizisch","05.12.20"
"Rick and Morty: Staffel 4: Drachenschämen leicht gemacht","05.12.20"
"Rick and Morty: Staffel 4: Der Heist-Meister","04.12.20"
"Rick and Morty: Staffel 4: Das stillste Örtchen","04.12.20"
"Rick and Morty: Staffel 4: Der Tod steht ihm gut","04.12.20"
"Community: Staffel 1: Die Hühnchen-Mafia","03.12.20"
"Community: Staffel 1: Billard ohne","02.12.20"
"Brooklyn Nine-Nine: Staffel 2: Sabotage","02.12.20"
"Brooklyn Nine-Nine: Staffel 2: Hören Sie auf, Insulaner zu essen!","01.12.20"
"Brooklyn Nine-Nine: Staffel 2: Gut in Emotion","01.12.20"
"Brooklyn Nine-Nine: Staffel 2: Das heilige Netzwerk der administrativen Assistenten","30.11.20"
"Brooklyn Nine-Nine: Staffel 2: Vernichten wir ein paar gute Jungs","30.11.20"
"Brooklyn Nine-Nine: Staffel 2: Wohltätigkeitsball der teuflischen Gedärme","30.11.20"
"Barbaren: Season 1: Am Abgrund","29.11.20"
"Brooklyn Nine-Nine: Staffel 2: Es wird Zeit, dass wir abrechnen","29.11.20"
"Brooklyn Nine-Nine: Staffel 2: Die 6-Drinks-Amy","29.11.20"
"Brooklyn Nine-Nine: Staffel 2: Das werden Obser-Ferien","28.11.20"
"Brooklyn Nine-Nine: Staffel 2: Nennen Sie mich „Big Sugar“","28.11.20"
"Barbaren: Season 1: Die Vergeltung","27.11.20"
"Brooklyn Nine-Nine: Staffel 2: Puppen, Puppen, zu viele Puppen","27.11.20"
"Community: Staffel 2: Das Gleichgewicht des Schreckens","27.11.20"
"Community: Staffel 1: Die Weihnachtsschlacht","27.11.20"
"Barbaren: Season 1: Wolf und Adler","27.11.20"
"Community: Staffel 6: Moderne Spionage","27.11.20"
"Community: Staffel 5: Geothermische Realitätsflucht","27.11.20"
"Community: Staffel 5: Grundkurs Gesäßfalten-Münzkunde","26.11.20"
"Brooklyn Nine-Nine: Staffel 2: Wir schützen das, was ihr leckt","26.11.20"
"Brooklyn Nine-Nine: Staffel 2: Bis demnächst, Boss Flaschengeist","25.11.20"
"Community: Staffel 1: Der Mensch ist gut","25.11.20"
"Community: Staffel 1: Prozess im Schwimmbad","24.11.20"
"Brooklyn Nine-Nine: Staffel 2: Wie Sex mit Jack Gruber","24.11.20"
"Community: Staffel 1: Familientag","24.11.20"
"Community: Staffel 1: Echte Männer tanzen nicht","24.11.20"
"Brooklyn Nine-Nine: Staffel 2: Auge um Auge, Arsch um Arsch","23.11.20"
"Brooklyn Nine-Nine: Staffel 2: Er schafft alles und beklaut jeden","23.11.20"
"Brooklyn Nine-Nine: Staffel 2: Wir spielen, um Amy verlieren zu sehen","22.11.20"
"Brooklyn Nine-Nine: Staffel 2: Wenn Sie hier sind, wer bewacht dann die Hölle?","22.11.20"
"Brooklyn Nine-Nine: Staffel 2: Richtig gangstermäßig investigative Cops oder so","21.11.20"
"Brooklyn Nine-Nine: Staffel 1: Captain Raymond Sexvibes","21.11.20"
"Brooklyn Nine-Nine: Staffel 1: Nimmt sich das Verbrechen frei und macht seine Wäsche?","20.11.20"
"Brooklyn Nine-Nine: Staffel 1: Wir müssen über Ottawa reden","19.11.20"
"Brooklyn Nine-Nine: Staffel 1: Französischer Geheimagent, Ballistikexperte, großer Charmeur","19.11.20"
"Brooklyn Nine-Nine: Staffel 1: Wie eine stolze Mama-Henne","19.11.20"
"Community: Staffel 1: Carpe Diem","18.11.20"
"Brooklyn Nine-Nine: Staffel 1: Sagen Sie nur AAGLNYCPA","18.11.20"
"Brooklyn Nine-Nine: Staffel 1: Hier springt einem das Niveau aus jedem Winkel entgegen","18.11.20"
"Brooklyn Nine-Nine: Staffel 1: Der Holt-Jeffords-Strategiestrudel","17.11.20"
"Brooklyn Nine-Nine: Staffel 1: Der Ebenholz-Falke fliegt wieder","17.11.20"
"Brooklyn Nine-Nine: Staffel 1: Das schlimmste Date aller Zeiten","16.11.20"
"Brooklyn Nine-Nine: Staffel 1: Angst ist das beste Aphrodisiakum","16.11.20"
"Brooklyn Nine-Nine: Staffel 1: Mein Safe House, meine Regeln","16.11.20"
"Brooklyn Nine-Nine: Staffel 1: Desaster garantiert","15.11.20"
"Brooklyn Nine-Nine: Staffel 1: König Torfnase von Torfnasien","15.11.20"
"Brooklyn Nine-Nine: Staffel 1: Das waren noch echte Kerle","14.11.20"
"Brooklyn Nine-Nine: Staffel 1: Total zum Teil meine Schuld","14.11.20"
"Brooklyn Nine-Nine: Staffel 1: Halloween ist Weihnachten für Arschgeigen","13.11.20"
"Hunter x Hunter: Staffel 1: Aufbruch x und x Gefährten","13.11.20"
"Brooklyn Nine-Nine: Staffel 1: Wir nennen ihn den Geier","13.11.20"
"Brooklyn Nine-Nine: Staffel 1: Der mieseste Assistent der Welt","12.11.20"
"Brooklyn Nine-Nine: Staffel 1: Ich habe Etknupfeit","12.11.20"
"Brooklyn Nine-Nine: Staffel 1: In jedweder Hinsicht optimal","11.11.20"
"Das Damengambit: Miniserie: Endspiel","10.11.20"
"Brooklyn Nine-Nine: Staffel 1: Wir fangen Verbrecher und sehen gut dabei aus","10.11.20"
"Das Damengambit: Miniserie: Hängepartie","09.11.20"
"Das Damengambit: Miniserie: Gabel","09.11.20"
"Das Damengambit: Miniserie: Mittelspiel","08.11.20"
"Das Damengambit: Miniserie: Doppelbauer","08.11.20"
"Das Damengambit: Miniserie: Abtausch","07.11.20"
"Das Damengambit: Miniserie: Eröffnung","06.11.20"
"Victoria","06.11.20"
"Community: Staffel 6: Emotionale Auswirkungen von Fernsehen","06.11.20"
"Community: Staffel 6: Hochzeitsvideos für Anfänger","05.11.20"
"Community: Staffel 6: Wohnmobilreparaturen und Handlesen für Anfänger","03.11.20"
"Community: Staffel 6: Gaunern für Anfänger","02.11.20"
"Community: Staffel 6: Einführung ins Filmrecycling","02.11.20"
"Community: Staffel 6: Sicherheitstechnik für Fortgeschrittene","02.11.20"
"Community: Staffel 6: E-Mail-Sicherheit für Anfänger","01.11.20"
"Community: Staffel 6: Robotertechnik und Partyrecht","01.11.20"
"Community: Staffel 6: Queer Studies und Wachsen für Fortgeschrittene","31.10.20"
"Community: Staffel 6: Verhalten in Krisensituationen","31.10.20"
"Community: Staffel 6: Rasenmäher-Wartung und postnatale Pflege","30.10.20"
"Community: Staffel 6: Der Leitern-Professor","30.10.20"
"Merlin – Die neuen Abenteuer: Staffel 1: Ruf des Drachen","29.10.20"
"Community: Staffel 5: Emotionale Komponente","29.10.20"
"Community: Staffel 5: Grund-Geschichte","29.10.20"
"Community: Staffel 5: Väter und Söhne","29.10.20"
"Community: Staffel 5: VCR-Kultivierung und pädagogische Veröffentlichung","28.10.20"
"Community: Staffel 5: Kork-basierte Netzwerktechnik","27.10.20"
"Community: Staffel 4: Einführung in die Endgültigkeit","25.10.20"
"Community: Staffel 4: Superhelden","24.10.20"
"Community: Staffel 4: Knotenkunde","23.10.20"
"Community: Staffel 4: Puppentherapie","23.10.20"
"Community: Staffel 4: Archie, der Wal","22.10.20"
"Community: Staffel 4: Changnesie: die Dokumentation","22.10.20"
"Community: Staffel 4: Ausbruchpläne","21.10.20"
"Community: Staffel 4: Willkommen zum Oktoberfest","20.10.20"
"Community: Staffel 4: Verneigt euch vor Thoraxis!","19.10.20"
"Community: Staffel 4: Der Panikraum","18.10.20"
"Community: Staffel 4: Der letzte erste Collegetag","18.10.20"
"Titans: Staffel 2: E.L._.O.","11.10.20"
"Titans: Staffel 2: Abgestürzt","10.10.20"
"Community: Staffel 3: Kickerkönige","09.10.20"
"Community: Staffel 2: Das Greendale-Baby","05.10.20"
"Community: Staffel 2: Mein Essen mit Abed","04.10.20"
"Community: Staffel 2: Das Flüstern der Welt","01.10.20"
"Titans: Staffel 2: Sühne","27.09.20"
"Titans: Staffel 2: Jericho","27.09.20"
"Titans: Staffel 2: Bruce Wayne","25.09.20"
"Titans: Staffel 2: Conner","24.09.20"
"Community: Staffel 2: Der Club der Hundertjährigen","24.09.20"
"Titans: Staffel 2: Deathstroke","24.09.20"
"Bo Burnham: Make Happy","12.09.20"
"Titans: Staffel 2: Aqualad","10.09.20"
"Titans: Staffel 2: Geister","09.09.20"
"Titans: Staffel 2: Rose","08.09.20"
"Titans: Staffel 2: Trigon","07.09.20"
"The Witcher: Staffel 1: Viel mehr","23.08.20"
"The Witcher: Staffel 1: Vor dem Fall","23.08.20"
"The Witcher: Staffel 1: Seltene Arten","21.08.20"
"The Witcher: Staffel 1: Aufgestaute Begehren","16.08.20"
"The Witcher: Staffel 1: Bankette, Bastarde und Begräbnisse","16.08.20"
"The Witcher: Staffel 1: Verrätermond","15.08.20"
"Orange Is the New Black: Staffel 4: Kein Zurück","04.08.20"
"Avatar – Der Herr der Elemente: Avatar – Der Herr der Elemente: Buch 1: Der blaue Geist","26.07.20"
"How to Sell Drugs Online (Fast): Staffel 2: Don't be evil.","25.07.20"
"How to Sell Drugs Online (Fast): Staffel 2: Move Fast and Break Things","25.07.20"
"How to Sell Drugs Online (Fast): Staffel 2: Buy It. Sell It. Love It.","24.07.20"
"How to Sell Drugs Online (Fast): Staffel 2: Inspired by Real Life","23.07.20"
"How to Sell Drugs Online (Fast): Staffel 2: Where Do You Want to Go Today?","22.07.20"
"How to Sell Drugs Online (Fast): Staffel 2: Think Different","21.07.20"
"Avatar – Der Herr der Elemente: Avatar – Der Herr der Elemente: Buch 1: Der Sturm","19.07.20"
"Avatar – Der Herr der Elemente: Avatar – Der Herr der Elemente: Buch 1: Grabenkämpfe","19.07.20"
"Avatar – Der Herr der Elemente: Avatar – Der Herr der Elemente: Buch 1: Jet, der Rebell","18.07.20"
"Avatar – Der Herr der Elemente: Avatar – Der Herr der Elemente: Buch 1: Die Schriftrolle","18.07.20"
"Dark: Staffel 3: Das Paradies","17.07.20"
"Dark: Staffel 3: Zwischen der Zeit","16.07.20"
"Avatar – Der Herr der Elemente: Avatar – Der Herr der Elemente: Buch 1: Wintersonnenwende: Teil 2: Avatar Roku","16.07.20"
"Dark: Staffel 3: Licht und Schatten","15.07.20"
"Avatar – Der Herr der Elemente: Avatar – Der Herr der Elemente: Buch 1: Wintersonnenwende: Teil 1: Die Geister-Welt","15.07.20"
"Dark: Staffel 3: Leben und Tod","14.07.20"
"Avatar – Der Herr der Elemente: Avatar – Der Herr der Elemente: Buch 1: In Gefangenschaft!","14.07.20"
"Dark: Staffel 3: Der Ursprung","13.07.20"
"Dark: Staffel 3: Adam und Eva","08.07.20"
"Avatar – Der Herr der Elemente: Avatar – Der Herr der Elemente: Buch 1: Der König von Omaschu","08.07.20"
"Avatar – Der Herr der Elemente: Avatar – Der Herr der Elemente: Buch 1: Die Kriegerinnen von Kyoshi","07.07.20"
"Dark: Staffel 3: Die Überlebenden","06.07.20"
"Dark: Staffel 3: Deja-vu","06.07.20"
"Avatar – Der Herr der Elemente: Avatar – Der Herr der Elemente: Buch 1: Der südliche Lufttempel","05.07.20"
"Avatar – Der Herr der Elemente: Avatar – Der Herr der Elemente: Buch 1: Der Avatar kehrt zurück","05.07.20"
"Avatar – Der Herr der Elemente: Avatar – Der Herr der Elemente: Buch 1: Der Junge im Eisberg","04.07.20"
"Berlin, Berlin: Staffel 3: Die Waffen der Frauen","17.06.20"
"Berlin, Berlin: Staffel 3: Dafür sind Freunde da","17.06.20"
"Berlin, Berlin: Staffel 3: Vero","15.06.20"
"Berlin, Berlin: Staffel 3: Täuschen, Tarnen, Küssen","15.06.20"
"Berlin, Berlin: Staffel 3: Svenja","15.06.20"
"Orange Is the New Black: Staffel 4: Monster","13.06.20"
"Hexen hexen","12.06.20"
"Orange Is the New Black: Staffel 4: Angestellte des Monats","12.06.20"
"Orange Is the New Black: Staffel 4: Häschen, Schädel, Häschen, Schädel","11.06.20"
"Berlin, Berlin: Staffel 3: Hochzeitsspiele","09.06.20"
"Berlin, Berlin: Staffel 3: Generationen","09.06.20"
"Berlin, Berlin: Staffel 3: Ziemlich Ähnlich","09.06.20"
"Berlin, Berlin: Staffel 3: Mütter und Töchter","09.06.20"
"Berlin, Berlin: Staffel 3: Backe, Backe Kuchen","09.06.20"
"Berlin, Berlin: Staffel 3: Jung, Dynamisch, Arbeitslos","08.06.20"
"Orange Is the New Black: Staffel 4: Duschen ist überbewertet","06.06.20"
"Berlin, Berlin: Staffel 3: Nicht Genug","04.06.20"
"Berlin, Berlin: Staffel 3: Nimm Zwei","04.06.20"
"Berlin, Berlin: Staffel 3: Alex oder Sven?","03.06.20"
"Berlin, Berlin: Staffel 3: Sven oder Alex?","02.06.20"
"Berlin, Berlin: Staffel 2: Aha","02.06.20"
"Berlin, Berlin: Staffel 2: Ich lieb dich nicht – du liebst mich nicht","01.06.20"
"Berlin, Berlin: Staffel 2: 20 Minuten","01.06.20"
"Orange Is the New Black: Staffel 4: Tief gesunken","30.05.20"
"Orange Is the New Black: Staffel 4: Weiße Scham","30.05.20"
"Explained: Staffel 1: Musik","30.05.20"
"Orange Is the New Black: Staffel 4: Ein Stück Scheiße","30.05.20"
"Berlin, Berlin: Staffel 2: Gegen die Uhr","29.05.20"
"Berlin, Berlin: Staffel 2: Spieglein, Spieglein","28.05.20"
"Berlin, Berlin: Staffel 2: Ex und hopp","28.05.20"
"Berlin, Berlin: Staffel 2: That’s the way","27.05.20"
"Berlin, Berlin: Staffel 2: Kairo","26.05.20"
"Berlin, Berlin: Staffel 2: Big and beautiful","26.05.20"
"Berlin, Berlin: Staffel 2: Wer liebt Fatman?","26.05.20"
"Berlin, Berlin: Staffel 2: Nicht fair","26.05.20"
"Berlin, Berlin: Staffel 2: Looking for Beinlich","26.05.20"
"Berlin, Berlin: Staffel 2: Eltern, früher oder später kriegen sie dich","26.05.20"
"Berlin, Berlin: Staffel 2: Malente, Malente","26.05.20"
"Berlin, Berlin: Staffel 2: Männer sind auch nur Menschen","25.05.20"
"Berlin, Berlin: Staffel 2: Höllendate","25.05.20"
"Berlin, Berlin: Staffel 2: Froschkönige","20.05.20"
"Berlin, Berlin: Staffel 2: Cinderello","20.05.20"
"Berlin, Berlin: Staffel 2: Frisch verheiratet","19.05.20"
"Berlin, Berlin: Staffel 2: Lolle allein in Berlin","19.05.20"
"Berlin, Berlin: Staffel 1: Positiv ist negativ","18.05.20"
"Berlin, Berlin: Staffel 1: Eine Million","18.05.20"
"Berlin, Berlin: Staffel 1: Überraschungen","17.05.20"
"Berlin, Berlin: Staffel 1: Martha","17.05.20"
"Berlin, Berlin: Staffel 1: Extrem-Situationen","17.05.20"
"Berlin, Berlin: Staffel 1: Cousin und Cousine","17.05.20"
"Berlin, Berlin: Staffel 1: Taddi und Mr. Psycho","17.05.20"
"Berlin, Berlin: Staffel 1: Beste Freunde","17.05.20"
"Berlin, Berlin: Staffel 1: Ich bin nicht nett","17.05.20"
"Berlin, Berlin: Staffel 1: Lolle gegen Fatman","17.05.20"
"Berlin, Berlin: Staffel 1: Küssen, küssen, küssen","17.05.20"
"Berlin, Berlin: Staffel 1: Lesbe sein dagegen sehr … ","17.05.20"
"Berlin, Berlin: Staffel 1: Dr. Strangelove","17.05.20"
"Berlin, Berlin: Staffel 1: Singles","16.05.20"
"Berlin, Berlin: Staffel 1: Die Geliebte","16.05.20"
"Berlin, Berlin: Staffel 1: Nicht ganz koscher","16.05.20"
"Berlin, Berlin: Staffel 1: Lolle und der Traumprinz","16.05.20"
"Berlin, Berlin: Staffel 1: Träume","16.05.20"
"Berlin, Berlin: Staffel 1: All you need is love","15.05.20"
"Berlin, Berlin: Staffel 1: Selbstversuch","15.05.20"
"Berlin, Berlin: Staffel 1: Ich will Sandra Bullock massieren","15.05.20"
"Berlin, Berlin: Staffel 1: Rotalarm","15.05.20"
"Berlin, Berlin: Staffel 1: Auf der Flucht","15.05.20"
"Berlin, Berlin: Staffel 1: Happy Birthday, Lolle","15.05.20"
"Berlin, Berlin: Staffel 1: Wie bekomme ich meinen Freund zurück","15.05.20"
"Berlin, Berlin: Staffel 1: Landflucht","15.05.20"
"Community: Staffel 2: Fat Neil schlägt zurück","15.05.20"
"Begabt – Die Gleichung eines Lebens","12.05.20"
"Orange Is the New Black: Staffel 4: Von Menschenrechten und Ritterlichkeit","10.05.20"
"Orange Is the New Black: Staffel 4: Dr. Psycho","10.05.20"
"Orange Is the New Black: Staffel 4: Frei Schnauze","06.05.20"
"Orange Is the New Black: Staffel 4: Machtgerangel","01.05.20"
"Orange Is the New Black: Staffel 4: Schwere Körperarbeit","29.04.20"
"Orange Is the New Black: Staffel 3: Trau keiner Bitch","26.04.20"
"Orange Is the New Black: Staffel 3: Muss ich wirklich dazwischengehen?","26.04.20"
"Orange Is the New Black: Staffel 3: Wir können Helden sein","25.04.20"
"Orange Is the New Black: Staffel 3: Titten und Schamhaare","25.04.20"
"Orange Is the New Black: Staffel 3: Wo ist mein Dreidel hin?","25.04.20"
"Orange Is the New Black: Staffel 3: Furcht und andere Gerüche","22.04.20"
"Orange Is the New Black: Staffel 3: Ein stummes Nichts","19.04.20"
"Orange Is the New Black: Staffel 3: Ching Chong Chang","19.04.20"
"Orange Is the New Black: Staffel 3: Fake","15.04.20"
"Orange Is the New Black: Staffel 3: Kampflesbe","15.04.20"
"Community: Staffel 1: Zurück aufs College!","14.04.20"
"Orange Is the New Black: Staffel 3: Empathie ist ein Abtörner","13.04.20"
"Die Verurteilten","12.04.20"
"Haus des Geldes: Teil 4: Der Plan von Paris","11.04.20"
"Haus des Geldes: Teil 4: Anschlag aufs Zelt","11.04.20"
"Haus des Geldes: Teil 4: Technischer K. o.","11.04.20"
"Haus des Geldes: Teil 4: 5 Minuten zuvor","10.04.20"
"Haus des Geldes: Teil 4: Paso Doble","10.04.20"
"Orange Is the New Black: Staffel 3: Bettwanzen und andere Dinger","09.04.20"
"Orange Is the New Black: Staffel 3: Muttertag","09.04.20"
"Orange Is the New Black: Staffel 2: Lady Locksley","08.04.20"
"Orange Is the New Black: Staffel 2: Die Wechseljahre","08.04.20"
"Haus des Geldes: Teil 4: Lektion in Anatomie","08.04.20"
"Haus des Geldes: Teil 4: Berlins Hochzeit","07.04.20"
"Haus des Geldes: Teil 4: Game Over","06.04.20"
"Orange Is the New Black: Staffel 2: Auch Prinzipien brauchen mal Pause","06.04.20"
"Orange Is the New Black: Staffel 2: Kleiner schnauzbärtiger Scheißer","05.04.20"
"Orange Is the New Black: Staffel 2: 40 Vol-% Freigang","05.04.20"
"Orange Is the New Black: Staffel 2: Die richtigen Töpfe","05.04.20"
"Orange Is the New Black: Staffel 2: Comic Sans","03.04.20"
"Suits: Staffel 7: Zerwürfnis","02.04.20"
"Orange Is the New Black: Staffel 2: Und 'ne Pizza dazu","01.04.20"
"Der Schacht","31.03.20"
"Orange Is the New Black: Staffel 2: Das älteste Spiel der Welt","29.03.20"
"Orange Is the New Black: Staffel 2: Ein ganz anderes Loch","29.03.20"
"Orange Is the New Black: Staffel 2: Trügerische Umarmungen","28.03.20"
"Orange Is the New Black: Staffel 2: Blau mit rotem Geschmack","27.03.20"
"Orange Is the New Black: Staffel 2: Durstiger Vogel","25.03.20"
"Orange Is the New Black: Staffel 1: Hoffnungslos verrückt","25.03.20"
"Orange Is the New Black: Staffel 1: Selber schuld","22.03.20"
"Orange Is the New Black: Staffel 1: Große Männer mit Gefühlen","22.03.20"
"Orange Is the New Black: Staffel 1: Bora Bora Bora","21.03.20"
"Orange Is the New Black: Staffel 1: F*cksgiving","21.03.20"
"Orange Is the New Black: Staffel 1: Die Schmugglerin aus Moskau","21.03.20"
"Orange Is the New Black: Staffel 1: Süße Verlockung","20.03.20"
"Orange Is the New Black: Staffel 1: Gefängnispolitik","20.03.20"
"Orange Is the New Black: Staffel 1: Hühnerjagd","20.03.20"
"I Am Not Okay With This: Staffel 1: Liebes Tagebuch …","19.03.20"
"Orange Is the New Black: Staffel 1: Eingebildete Feinde","15.03.20"
"Orange Is the New Black: Staffel 1: Lesben-Anfrage abgelehnt","15.03.20"
"Orange Is the New Black: Staffel 1: Tittenschlag","14.03.20"
"Orange Is the New Black: Staffel 1: Ich war nicht bereit","14.03.20"
"Fack Ju Göhte 2","11.03.20"
"Titans: Staffel 1: Dick Grayson","08.03.20"
"How to Sell Drugs Online (Fast): Staffel 1: If You Are the Smartest One in the Room, You're in the Wrong Room","04.03.20"
"How to Sell Drugs Online (Fast): Staffel 1: Score Big or Don't Score at All","01.03.20"
"How to Sell Drugs Online (Fast): Staffel 1: If This is Reality, I'm Not Interested","01.03.20"
"How to Sell Drugs Online (Fast): Staffel 1: Failure is Not an Option","01.03.20"
"How to Sell Drugs Online (Fast): Staffel 1: Life's Not Fair, Get Used to It","26.02.20"
"How to Sell Drugs Online (Fast): Staffel 1: Nerd Today, Boss Tomorrow","26.02.20"
"Titans: Staffel 1: Koriand'r","25.02.20"
"Fack ju Göhte","22.02.20"
"Explained: Unser Kopf: Miniserie: Psychedelika","22.02.20"
"Titans: Staffel 1: Hank und Dawn","18.02.20"
"Titans: Staffel 1: Donna Troy","15.02.20"
"Titans: Staffel 1: Die Heilanstalt","13.02.20"
"Titans: Staffel 1: Jason Todd","08.02.20"
"Titans: Staffel 1: Zusammen","07.02.20"
"Titans: Staffel 1: Doom Patrol","17.01.20"
"Titans: Staffel 1: Anfänge","15.01.20"
"Titans: Staffel 1: Hawk und Dove","14.01.20"
"Titans: Staffel 1: Titans","13.01.20"
"The Witcher: Staffel 1: Vier Mark","31.12.19"
"The Witcher: Staffel 1: Des Endes Anfang","27.12.19"
"The Game Changers","24.11.19"
"Jeff Dunham: Beside Himself","31.10.19"
"Brooklyn Nine-Nine: Staffel 5: Jake und Amy","20.10.19"
"Brooklyn Nine-Nine: Staffel 5: Weißer Wal","20.10.19"
"Brooklyn Nine-Nine: Staffel 5: Gleich dort","20.10.19"
"Brooklyn Nine-Nine: Staffel 5: Jungesell/innen-Party","19.10.19"
"Brooklyn Nine-Nine: Staffel 5: Gray Star Mutual","19.10.19"
"Brooklyn Nine-Nine: Staffel 5: DFW","19.10.19"
"Brooklyn Nine-Nine: Staffel 5: Nutri-Bumm","18.10.19"
"Brooklyn Nine-Nine: Staffel 5: Der Rätselmeister","18.10.19"
"Zwischen zwei Farnen: Der Film","16.10.19"
"Brooklyn Nine-Nine: Staffel 5: Das Verhör","16.10.19"
"Brooklyn Nine-Nine: Staffel 5: Die Verhandlung","16.10.19"
"Brooklyn Nine-Nine: Staffel 5: Safe House","15.10.19"
"Brooklyn Nine-Nine: Staffel 5: Der Gefallen","14.10.19"
"Brooklyn Nine-Nine: Staffel 5: Spieleabend","13.10.19"
"Brooklyn Nine-Nine: Staffel 5: 99","13.10.19"
"Brooklyn Nine-Nine: Staffel 5: Zurück zu Skyfire","12.10.19"
"Brooklyn Nine-Nine: Staffel 5: Zwei Truthähne","12.10.19"
"Brooklyn Nine-Nine: Staffel 5: Die Location","11.10.19"
"Brooklyn Nine-Nine: Staffel 5: Schlechte Karten","11.10.19"
"Brooklyn Nine-Nine: Staffel 5: Kummerbund","10.10.19"
"Brooklyn Nine-Nine: Staffel 5: Ein paar Treter","09.10.19"
"Brooklyn Nine-Nine: Staffel 5: Das große Haus (Teil 2)","07.10.19"
"Brooklyn Nine-Nine: Staffel 5: Das große Haus (Teil 1)","06.10.19"
"Archer: Staffel 10: Robert De Niro","03.10.19"
"Archer: Staffel 10: Cubert","02.10.19"
"Archer: Staffel 10: Weltraumpiraten","29.09.19"
"Archer: Staffel 10: Roadtrip","29.09.19"
"Disenchantment: Teil 2: Tiabeanies Untergang","28.09.19"
"Disenchantment: Teil 2: Die Elektro-Prinzessin","28.09.19"
"Disenchantment: Teil 2: In ihren eigenen Worten","27.09.19"
"Disenchantment: Teil 2: Deine Liebe klebt","27.09.19"
"Disenchantment: Teil 2: Mission: Dreamland","27.09.19"
"Disenchantment: Teil 2: Auf der Suche nach Heilung","26.09.19"
"Disenchantment: Teil 2: Das einsame Herz ist ein Jäger","26.09.19"
"Disenchantment: Teil 2: Genau das Ding","26.09.19"
"Disenchantment: Teil 2: Stairway to Hell","25.09.19"
"Archer: Staffel 10: Mr. Deadly geht in die Stadt","22.09.19"
"Archer: Staffel 10: Dinner mit dem Zarglorp","22.09.19"
"Archer: Staffel 10: Die Reste","21.09.19"
"Disenchantment: Teil 2: The Disenchantress","20.09.19"
"Archer: Staffel 10: Happy Borthday","20.09.19"
"Der Mensch Bill Gates: Miniserie: Teil 1","20.09.19"
"Archer: Staffel 10: Bort de Garj","20.09.19"
"Bill Burr: Paper Tiger","15.09.19"
"Der dunkle Kristall: Ära des Widerstands: Staffel 1: Nichts ist mehr einfach","14.09.19"
"Der dunkle Kristall: Ära des Widerstands: Staffel 1: Ende oder Anfang. Alles das gleiche.","14.09.19"
"Haus des Geldes: Teil 3: Verloren","08.09.19"
"Haus des Geldes: Teil 3: Urlaub","08.09.19"
"Haus des Geldes: Teil 3: Alles schien unwichtig","08.09.19"
"Haus des Geldes: Teil 3: Bumm, bumm, ciao!","07.09.19"
"Haus des Geldes: Teil 3: Die Stunde des Delfins","07.09.19"
"Haus des Geldes: Teil 3: 48 Meter unter der Erde","06.09.19"
"Haus des Geldes: Teil 3: Aikido","06.09.19"
"Haus des Geldes: Teil 3: Wir sind zurück","03.09.19"
"Haus des Geldes: Teil 2: Folge 9","01.09.19"
"Haus des Geldes: Teil 2: Folge 8","01.09.19"
"Haus des Geldes: Teil 2: Folge 7","31.08.19"
"Haus des Geldes: Teil 2: Folge 6","31.08.19"
"Haus des Geldes: Teil 2: Folge 5","27.08.19"
"Haus des Geldes: Teil 2: Folge 4","27.08.19"
"Haus des Geldes: Teil 2: Folge 3","26.08.19"
"Haus des Geldes: Teil 2: Folge 2","25.08.19"
"Haus des Geldes: Teil 2: Folge 1","24.08.19"
"Haus des Geldes: Teil 1: Folge 13","23.08.19"
"Haus des Geldes: Teil 1: Folge 12","23.08.19"
"Haus des Geldes: Teil 1: Folge 11","23.08.19"
"Haus des Geldes: Teil 1: Folge 10","22.08.19"
"Haus des Geldes: Teil 1: Folge 9","22.08.19"
"Haus des Geldes: Teil 1: Folge 8","22.08.19"
"Haus des Geldes: Teil 1: Folge 7","21.08.19"
"Haus des Geldes: Teil 1: Folge 6","21.08.19"
"Haus des Geldes: Teil 1: Folge 5","20.08.19"
"Haus des Geldes: Teil 1: Folge 4","20.08.19"
"Haus des Geldes: Teil 1: Folge 3","20.08.19"
"Haus des Geldes: Teil 1: Folge 2","20.08.19"
"Bill Burr: I'm Sorry You Feel That Way","20.08.19"
"Suits: Staffel 1: Doppeltes Spiel: Teil 1","18.08.19"
"Explained: Staffel 1: K-Pop","18.08.19"
"Haus des Geldes: Teil 1: Folge 1","03.08.19"
"Suits: Staffel 7: Donna","20.07.19"
"Suits: Staffel 7: Schande","20.07.19"
"Suits: Staffel 7: Ein unmoralisches Angebot","19.07.19"
"Suits: Staffel 7: Karten auf den Tisch","19.07.19"
"Suits: Staffel 7: Abbitte","18.07.19"
"Suits: Staffel 7: Wortbruch","18.07.19"
"Suits: Staffel 7: Teile und herrsche","14.07.19"
"Suits: Staffel 7: Argwohn","14.07.19"
"Suits: Staffel 7: Eingeschüchtert","14.07.19"
"Suits: Staffel 7: Neues Spiel","13.07.19"
"Stranger Things: Stranger Things 3: Kapitel acht: Die Schlacht von Starcourt","10.07.19"
"Stranger Things: Stranger Things 3: Kapitel sieben: Der Biss","09.07.19"
"Stranger Things: Stranger Things 3: Kapitel sechs: E Pluribus Unum","08.07.19"
"Stranger Things: Stranger Things 3: Kapitel fünf: Die Armee","07.07.19"
"Stranger Things: Stranger Things 3: Kapitel vier: Der Sauna-Test","06.07.19"
"Stranger Things: Stranger Things 3: Kapitel drei: Die verschwundene Rettungsschwimmerin","06.07.19"
"Stranger Things: Stranger Things 3: Kapitel zwei: Ratten","06.07.19"
"Stranger Things: Stranger Things 3: Kapitel eins: Suzie, hörst du mich?","06.07.19"
"Dark: Staffel 2: Enden und Anfänge","05.07.19"
"Dark: Staffel 2: Der weiße Teufel","05.07.19"
"Dark: Staffel 2: Ein unendlicher Kreis","04.07.19"
"Dark: Staffel 2: Vom Suchen und Finden","02.07.19"
"Dark: Staffel 2: Die Reisenden","01.07.19"
"Dark: Staffel 2: Gespenster","26.06.19"
"Dark: Staffel 2: Dunkle Materie","26.06.19"
"Dark: Staffel 2: Anfänge und Enden","22.06.19"
"Final Space: Staffel 1: Kapitel Eins","26.05.19"
"I Think You Should Leave with Tim Robinson: Staffel 1: Kennen Sie das?","06.05.19"
"Bill Burr: Walk Your Way Out","29.04.19"
"Love, Death & Robots: Ausgabe 1: Drei Roboter","27.04.19"
"Love, Death & Robots: Ausgabe 1: Sonnies Vorteil","27.04.19"
"Love, Death & Robots: Ausgabe 1: Gestaltwandler","19.04.19"
"Disenchantment: Teil 1: Dreamlands Untergang","19.04.19"
"Disenchantment: Teil 1: Elfos Geheimnis","18.04.19"
"Disenchantment: Teil 1: Auf der Suche nach Unsterblichkeit","16.04.19"
"Disenchantment: Teil 1: Zarter Amoklauf der Liebe","16.04.19"
"Disenchantment: Teil 1: Sumpf und Gloria","15.04.19"
"Disenchantment: Teil 1: Die Prinzessin von Tittfield","14.04.19"
"One-Punch Man: Staffel 1: Der stärkste Held","13.04.19"
"One-Punch Man: Staffel 1: Gebieter über das All","13.04.19"
"One-Punch Man: Staffel 1: Nie dagewesene Krise","12.04.19"
"One-Punch Man: Staffel 1: Unbeugsame Gerechtigkeit","12.04.19"
"One-Punch Man: Staffel 1: König der Tiefsee","12.04.19"
"One-Punch Man: Staffel 1: Überlegener Schüler","11.04.19"
"One-Punch Man: Staffel 1: Furchterregendste Stadt","11.04.19"
"One-Punch Man: Staffel 1: Ultimativer Lehrer","10.04.19"
"One-Punch Man: Staffel 1: Ninja von heute","09.04.19"
"Disenchantment: Teil 1: Schlossparty-Massaker","07.04.19"
"One-Punch Man: Staffel 1: Beharrlicher Wissenschaftler","07.04.19"
"One-Punch Man: Staffel 1: Entrückter Cyborg","07.04.19"
"One-Punch Man: Staffel 1: Der Stärkste","06.04.19"
"Disenchantment: Teil 1: Die Prinzessin der Finsternis","06.04.19"
"Disenchantment: Teil 1: Der mit dem Schwein tanzt","05.04.19"
"Disenchantment: Teil 1: Eine Prinzessin, ein Elf und ein Dämon kommen in eine Bar","05.04.19"
"Memento","04.04.19"
"Snow White and the Huntsman","02.04.19"
"Love, Death & Robots: Ausgabe 1: Geheimkrieg","30.03.19"
"Love, Death & Robots: Ausgabe 1: Alternative Zeitachsen","30.03.19"
"Love, Death & Robots: Ausgabe 1: Eiszeit","30.03.19"
"Love, Death & Robots: Ausgabe 1: Blindspot","29.03.19"
"Love, Death & Robots: Ausgabe 1: Zima Blue","29.03.19"
"Love, Death & Robots: Ausgabe 1: Raumschiff Nr. 13","29.03.19"
"Love, Death & Robots: Ausgabe 1: Nacht der Fische","29.03.19"
"Love, Death & Robots: Ausgabe 1: Helfende Hand","29.03.19"
"Pirates of the Caribbean 5 – Salazars Rache","28.03.19"
"Love, Death & Robots: Ausgabe 1: Die Müllhalde","28.03.19"
"Love, Death & Robots: Ausgabe 1: Gute Jagdgründe","27.03.19"
"Archer: Staffel 9: A Discovery","27.03.19"
"Archer: Staffel 9: Comparative Wickedness of Civilized and Unenlightened Peoples","26.03.19"
"Archer: Staffel 9: Some Remarks on Cannibalism","26.03.19"
"Love, Death & Robots: Ausgabe 1: Jenseits des Aquila-Rifts","25.03.19"
"Love, Death & Robots: Ausgabe 1: Als der Joghurt die Kontrolle übernahm","25.03.19"
"Kaya Yanar – Made in Germany","24.03.19"
"Archer: Staffel 9: Strange Doings in the Taboo Groves","24.03.19"
"Kaya Yanar: Reiz der Schweiz","24.03.19"
"Sieben Zwerge – Männer allein im Wald","23.03.19"
"Archer: Staffel 9: A Warrior in Costume","23.03.19"
"Love, Death & Robots: Ausgabe 1: Seelenfänger","23.03.19"
"Archer: Staffel 9: Different Modes of Preparing the Fruit","23.03.19"
"Archer: Staffel 9: Disheartening Situation","23.03.19"
"Archer: Staffel 9: Strange Pilot","22.03.19"
"Love, Death & Robots: Ausgabe 1: Schutzanzüge","22.03.19"
"Love, Death & Robots: Ausgabe 1: Die Augenzeugin","21.03.19"
"Archer: Staffel 8: Auflösung","21.03.19"
"Archer: Staffel 8: Gramercy, Halberd!","20.03.19"
"Archer: Staffel 8: Waxing Gibbous","17.03.19"
"Archer: Staffel 8: Sleepers Wake","17.03.19"
"Archer: Staffel 8: Ladyfingers","17.03.19"
"Archer: Staffel 8: Jane Doe","16.03.19"
"Archer: Staffel 8: Berenice","15.03.19"
"Archer: Staffel 8: No Good Deed","10.03.19"
"Archer: Staffel 7: Deadly Velvet: Part II","10.03.19"
"Archer: Staffel 7: Deadly Velvet: Part I","10.03.19"
"Archer: Staffel 7: Liquid Lunch","09.03.19"
"Archer: Staffel 7: Double Indecency","09.03.19"
"Archer: Staffel 7: Bel Panto: Part II","09.03.19"
"Archer: Staffel 7: Bel Panto: Part I","08.03.19"
"Archer: Staffel 7: Motherless Child","07.03.19"
"Archer: Staffel 7: Deadly Prep","06.03.19"
"Archer: Staffel 7: The Handoff","03.03.19"
"Archer: Staffel 7: The Figgis Agency","03.03.19"
"Archer: Staffel 6: Drastic Voyage: Part II","03.03.19"
"Archer: Staffel 6: Drastic Voyage: Part I","03.03.19"
"Archer: Staffel 6: Achub Y Morfilod","02.03.19"
"Archer: Staffel 6: Reignition Sequence","01.03.19"
"Archer: Staffel 6: Pocket Listing","01.03.19"
"Archer: Staffel 6: The Kanes","01.03.19"
"Archer: Staffel 6: Nellis","25.02.19"
"Archer: Staffel 6: Sitting","24.02.19"
"Archer: Staffel 6: Vision Quest","24.02.19"
"Archer: Staffel 6: Edie's Wedding","23.02.19"
"Archer: Staffel 6: The Archer Sanction","23.02.19"
"Archer: Staffel 6: Three to Tango","22.02.19"
"Archer: Staffel 6: The Holdout","22.02.19"
"Archer: Staffel 5: Archer Vice: Arrival / Departure","22.02.19"
"Archer: Staffel 5: Archer Vice: Filibuster","21.02.19"
"Archer: Staffel 5: Archer Vice: Palace Intrigue: Part II","21.02.19"
"Archer: Staffel 5: Archer Vice: Palace Intrigue: Part I","21.02.19"
"Archer: Staffel 5: Archer Vice: Baby Shower","20.02.19"
"Archer: Staffel 5: Archer Vice: On The Carpet","20.02.19"
"Archer: Staffel 5: Archer Vice: The Rules of Extraction","20.02.19"
"Archer: Staffel 5: Archer Vice: Smugglers' Blues","20.02.19"
"Archer: Staffel 5: Archer Vice: Southbound and Down","19.02.19"
"Archer: Staffel 5: Archer Vice: House Call","19.02.19"
"Archer: Staffel 5: Archer Vice: A Debt of Honor","18.02.19"
"Archer: Staffel 5: Archer Vice: A Kiss While Dying","18.02.19"
"Brooklyn Nine-Nine: Staffel 4: Wir sind „zinkenlos“","17.02.19"
"Archer: Staffel 5: Archer Vice: White Elephant","17.02.19"
"Archer: Staffel 4: Sea Tunt: Part II","17.02.19"
"Brooklyn Nine-Nine: Staffel 4: Ich bin ein sauberer Junge","17.02.19"
"Brooklyn Nine-Nine: Staffel 4: Willkommen im Schlachthaus","16.02.19"
"Brooklyn Nine-Nine: Staffel 4: Cowabunga, Mutter","16.02.19"
"Brooklyn Nine-Nine: Staffel 4: Amy liebt Prüfungen","15.02.19"
"Brooklyn Nine-Nine: Staffel 4: Das 99ste schmeißt ’ne Party","14.02.19"
"Brooklyn Nine-Nine: Staffel 4: Terry hat ein großes Problem","14.02.19"
"Brooklyn Nine-Nine: Staffel 4: Danke fürs Heroin, sexy Jesus","14.02.19"
"Brooklyn Nine-Nine: Staffel 4: Irgendwann knicken sie immer ein","10.02.19"
"Brooklyn Nine-Nine: Staffel 4: Ihre Libido hat uns in Gefahr gebracht","10.02.19"
"Brooklyn Nine-Nine: Staffel 4: Der Pontiac-Bandit und Jake sind Cops","09.02.19"
"Brooklyn Nine-Nine: Staffel 4: Nur wir zwei, und das Handtuch, macht drei","09.02.19"
"Brooklyn Nine-Nine: Staffel 4: Der Riga-Hammer","09.02.19"
"Brooklyn Nine-Nine: Staffel 4: Das hier war kein Schnufall","08.02.19"
"Brooklyn Nine-Nine: Staffel 4: Drachen haben Lümmel","04.02.19"
"Brooklyn Nine-Nine: Staffel 4: Mr. Santiago","03.02.19"
"Brooklyn Nine-Nine: Staffel 4: Im Universum ist alles im Lot, Baby","03.02.19"
"Brooklyn Nine-Nine: Staffel 4: Wischen wir also das Blut auf und machen weiter","02.02.19"
"Brooklyn Nine-Nine: Staffel 4: Wie’s aussieht, sind wir die „Nacht-Boys“","02.02.19"
"Brooklyn Nine-Nine: Staffel 4: Wir waren heute alle Gina Linetti","02.02.19"
"Brooklyn Nine-Nine: Staffel 4: Erzählen Sie das der Krummschnabelente","01.02.19"
"Brooklyn Nine-Nine: Staffel 4: Amerikas stinkender Hintern","31.01.19"
"Brooklyn Nine-Nine: Staffel 3: Ikh nim lauf n dauk","30.01.19"
"Brooklyn Nine-Nine: Staffel 3: Brechen wir beim FBI ein","29.01.19"
"Brooklyn Nine-Nine: Staffel 3: Hat hier jemand ’n Luftröhrenschnitt bestellt?","27.01.19"
"Brooklyn Nine-Nine: Staffel 3: Tarantino-mäßig widerlich ermordet","27.01.19"
"Brooklyn Nine-Nine: Staffel 3: Kätzcheneinheit, strammstehen!","26.01.19"
"Brooklyn Nine-Nine: Staffel 3: Das ist eine Verantwortung der Stufe 1","26.01.19"
"Brooklyn Nine-Nine: Staffel 3: Pimentos Momentos","26.01.19"
"Brooklyn Nine-Nine: Staffel 3: Die Bohnen schlagen zurück","25.01.19"
"Brooklyn Nine-Nine: Staffel 3: Entweder er ist Dealer oder sein Innenarchitekt heißt Nicolas Cage","23.01.19"
"Brooklyn Nine-Nine: Staffel 3: Er ist böse","21.01.19"
"Brooklyn Nine-Nine: Staffel 3: Niemand kann so arschkriechen wie ein Boyle","21.01.19"
"Brooklyn Nine-Nine: Staffel 3: Mund-, hals- und hodenschmelzendes Fieber","20.01.19"
"Brooklyn Nine-Nine: Staffel 3: Eleanor, die Zerstörerin der Welten","19.01.19"
"Brooklyn Nine-Nine: Staffel 3: Yippie Hurra, Schweinebratze","19.01.19"
"Brooklyn Nine-Nine: Staffel 3: Die Zwei sind echt furchtbar: groß und hübsch","19.01.19"
"Brooklyn Nine-Nine: Staffel 3: So was wie ein vaginaler Gandalf","17.01.19"
"Brooklyn Nine-Nine: Staffel 3: Das ist eine Hanswurst-Entscheidung","16.01.19"
"Brooklyn Nine-Nine: Staffel 3: Den Pilzen immer auf den Sporen","16.01.19"
"Brooklyn Nine-Nine: Staffel 3: Der wahre König des 99.","15.01.19"
"Brooklyn Nine-Nine: Staffel 3: Die ausgedörrte Hülse von Raymond Holt","15.01.19"
"Brooklyn Nine-Nine: Staffel 3: Sie isst Oktopusbällchen und schläft auf dem Boden","14.01.19"
"Brooklyn Nine-Nine: Staffel 3: Aus dem Buch der vielen Nippel","14.01.19"
"Brooklyn Nine-Nine: Staffel 3: Flicht vor Flittchen, Flicht mit F","14.01.19"
"Bird Box – Schließe deine Augen","13.01.19"
"Archer: Staffel 4: Sea Tunt: Part I","10.01.19"
"Archer: Staffel 4: The Papal Chase","05.01.19"
"Archer: Staffel 4: Un Chien Tangerine","05.01.19"
"Archer: Staffel 4: The Honeymooners","26.12.18"
"Prison Break: Staffel 5: Der Lügner","26.12.18"
"Prison Break: Staffel 5: Kaniel Outis","26.12.18"
"Deadpool","25.12.18"
"Red vs. Blue: Ausgabe 1: The Blood Gulch Chronicles: Vol. 1","25.12.18"
"Prison Break: Staffel 5: Ogygia","25.12.18"
"Archer: Staffel 4: Coyote Lovely","23.12.18"
"Archer: Staffel 4: Live and Let Dine","25.11.18"
"Archer: Staffel 4: Once Bitten","25.11.18"
"Doctor Who: Staffel 7: Die Schneemänner","24.11.18"
"Doctor Who: Staffel 7: Die Macht des Wortes","24.11.18"
"Doctor Who: Staffel 7: Zusammengewürfelt","23.11.18"
"Sherlock: Staffel 4: Das letzte Problem","22.11.18"
"Sherlock: Staffel 4: Der lügende Detektiv","22.11.18"
"Sherlock: Staffel 4: Die sechs Thatchers","22.11.18"
"Doctor Who: Staffel 7: Wilder Westen","22.11.18"
"Archer: Staffel 4: Viscous Coupling","22.11.18"
"Archer: Staffel 4: Midnight Ron","21.11.18"
"Doctor Who: Staffel 7: Dinos im All","21.11.18"
"Doctor Who: Staffel 7: Der Dalek in dir","21.11.18"
"Archer: Staffel 4: Legs","18.11.18"
"Archer: Staffel 4: The Wind Cries Mary","17.11.18"
"Archer: Staffel 4: Fugue and Riffs","11.11.18"
"Archer: Staffel 3: Meuterei im All – Teil 2","10.11.18"
"Archer: Staffel 3: Meuterei im All – Teil 1","04.11.18"
"Archer: Staffel 3: Hautspiel","03.11.18"
"Doctor Who: Staffel 6: Sternenhimmel","03.11.18"
"Archer: Staffel 3: Die Kreuzung","03.11.18"
"Archer: Staffel 3: Blutige Ferlin","02.11.18"
"Archer: Staffel 3: Der Skandal","02.11.18"
"Archer: Staffel 3: Drift Problem","01.11.18"
"Archer: Staffel 3: Die Limitierten","01.11.18"
"Archer: Staffel 3: El Contador","01.11.18"
"Archer: Staffel 3: Der Mann vom Jupiter","31.10.18"
"Archer: Staffel 3: Heart of Archness – Teil 3","31.10.18"
"Chilling Adventures of Sabrina: Teil 1: Kapitel eins: Familientreffen","31.10.18"
"Archer: Staffel 3: Heart of Archness – Teil 2","31.10.18"
"Archer: Staffel 3: Heart of Archness – Teil 1","29.10.18"
"Archer: Staffel 2: Doppelter Ärger","29.10.18"
"Grimm: Staffel 1: Bärenfalle","28.10.18"
"Archer: Staffel 2: Weiße Nächte","28.10.18"
"Grimm: Staffel 1: Es war einmal ...","27.10.18"
"Archer: Staffel 2: Jeu Monegasque","27.10.18"
"Archer: Staffel 2: El Sequestro","27.10.18"
"Das fünfte Element","25.10.18"
"Archer: Staffel 2: Placebo Effect","25.10.18"
"Archer: Staffel 2: Stage Two","18.10.18"
"Archer: Staffel 2: Movie Star","17.10.18"
"Archer: Staffel 2: Eine tragische Geschichte","14.10.18"
"Archer: Staffel 2: The Double Deuce","14.10.18"
"Archer: Staffel 2: Pipeline Fieber","14.10.18"
"Maniac: Miniserie: Option C","10.10.18"
"Maniac: Miniserie: Utangatta","09.10.18"
"Maniac: Miniserie: Der See der Wolken","09.10.18"
"Maniac: Miniserie: Ceci N'est Pas Une Drill","09.10.18"
"Maniac: Miniserie: Größere strukturelle Probleme","09.10.18"
"Maniac: Miniserie: Exactly Like You","09.10.18"
"Archer: Staffel 2: Bluttest","09.10.18"
"Archer: Staffel 2: A Going Concern","08.10.18"
"Maniac: Miniserie: Pelze von Sebastian","07.10.18"
"Maniac: Miniserie: Einer dieser Tage","07.10.18"
"Maniac: Miniserie: Windmühlen","07.10.18"
"Archer: Staffel 2: Swiss Miss","05.10.18"
"Archer: Staffel 1: Bei Anruf Mutter","04.10.18"
"Archer: Staffel 1: Das Jobangebot","03.10.18"
"Archer: Staffel 1: Der Diamant","03.10.18"
"Archer: Staffel 1: Skytanic","30.09.18"
"Archer: Staffel 1: Skorpio","30.09.18"
"Archer: Staffel 1: Der Honeypot","30.09.18"
"Archer: Staffel 1: Utne zu Gast","29.09.18"
"Vaiana – Das Paradies hat einen Haken","29.09.18"
"Archer: Staffel 1: Das Minderheiten-Programm","29.09.18"
"Archer: Staffel 1: Tote Nutten leben länger","28.09.18"
"Archer: Staffel 1: Pilot: Der Maulwurf","28.09.18"
"Maniac: Miniserie: Der Auserwählte","23.09.18"
"Doctor Who: Staffel 6: Hochzeits-Song","07.09.18"
"Doctor Who: Staffel 6: Zeit zu gehen","07.09.18"
"Explained: Staffel 1: Politische Korrektheit","05.09.18"
"Doctor Who: Staffel 6: Götterspeise","02.09.18"
"Doctor Who: Staffel 6: Warten in der Ewigkeit","20.08.18"
"Doctor Who: Staffel 6: Nacht der Angst","19.08.18"
"Explained: Staffel 1: Astrologie","12.08.18"
"Explained: Staffel 1: Kryptowährung","11.08.18"
"Explained: Staffel 1: Warum Diäten scheitern","10.08.18"
"Doctor Who: Staffel 6: Gegen die Zeit","10.08.18"
"Doctor Who: Staffel 6: Demons Run","09.08.18"
"Doctor Who: Staffel 6: Homo Sapiens","08.08.18"
"Das Leben des Brian","06.08.18"
"Doctor Who: Staffel 6: Gieriges Fleisch","04.08.18"
"Doctor Who: Staffel 6: Die Frau des Doktors","04.08.18"
"Eine Reihe betrüblicher Ereignisse: Staffel 1: Der schreckliche Anfang: Teil 2","03.08.18"
"Doctor Who: Staffel 6: Der Fluch des Schwarzen Mals","26.07.18"
"Doctor Who: Staffel 6: Tag des Mondes","26.07.18"
"Doctor Who: Staffel 6: Der Astronaut, den es nie gab","26.07.18"
"Doctor Who: Staffel 5: Das Fest der Liebe","25.07.18"
"Doctor Who: Staffel 5: Der Große Knall","25.07.18"
"Doctor Who: Staffel 5: Die Pandorica","24.07.18"
"Doctor Who: Staffel 5: Der Untermieter","24.07.18"
"Doctor Who: Staffel 5: Vincent und der Doktor","23.07.18"
"Doctor Who: Staffel 5: Kaltblütig","22.07.18"
"Eine Reihe betrüblicher Ereignisse: Staffel 1: Der schreckliche Anfang: Teil 1","22.07.18"
"Doctor Who: Staffel 5: Hungrige Erde","21.07.18"
"Doctor Who: Staffel 5: Amys Entscheidung","21.07.18"
"Doctor Who: Staffel 5: Die Vampire von Venedig","20.07.18"
"Doctor Who: Staffel 5: Herz aus Stein","20.07.18"
"Doctor Who: Staffel 5: Zeit der Engel","19.07.18"
"Doctor Who: Staffel 5: Sieg der Daleks","18.07.18"
"Doctor Who: Staffel 5: Der Sternenwal","17.07.18"
"Doctor Who: Staffel 5: Fünf vor zwölf","16.07.18"
"How I Met Your Mother: Staffel 1: Nur nichts überstürzen","16.07.18"
"How I Met Your Mother: Staffel 1: Traum und Wirklichkeit","16.07.18"
"Stranger Things: Stranger Things 2: Kapitel neun: Das Tor","05.07.18"
"Stranger Things: Stranger Things 2: Kapitel acht: Der Gedankenschinder","05.07.18"
"Stranger Things: Stranger Things 2: Kapitel sieben: Die verlorene Schwester","04.07.18"
"Stranger Things: Stranger Things 2: Kapitel sechs: Der Spion","04.07.18"
"Stranger Things: Stranger Things 2: Kapitel fünf: Dig Dug","03.07.18"
"Stranger Things: Stranger Things 2: Kapitel vier: Will, der Weise","28.06.18"
"Stranger Things: Stranger Things 2: Kapitel drei: Die Kaulquappe","28.06.18"
"Stranger Things: Stranger Things 2: Kapitel zwei: Süßes oder Saures, Freak","28.06.18"
"Stranger Things: Stranger Things 2: Kapitel eins: MAD MAX","27.06.18"
"Stranger Things: Kapitel acht: Die andere Seite","25.06.18"
"Stranger Things: Kapitel sieben: Die Badewanne","25.06.18"
"Stranger Things: Kapitel sechs: Das Monster","25.06.18"
"Stranger Things: Kapitel fünf: Der Floh und der Akrobat","25.06.18"
"Stranger Things: Kapitel vier: Die Leiche","24.06.18"
"Stranger Things: Kapitel drei: Grausame Nacht","24.06.18"
"Stranger Things: Kapitel zwei: Die Verrückte auf der Maple Street","24.06.18"
"Stranger Things: Kapitel eins: Das Verschwinden des Will Byers","23.06.18"
"Rick and Morty: Staffel 3: Friede, Freude, Eierkuchen","22.06.18"
"Rick and Morty: Staffel 3: Der König und die Kriegerin","19.06.18"
"Rick and Morty: Staffel 3: Kopfkino","19.06.18"
"Rick and Morty: Staffel 3: Atlantis ist nur einmal im Jahr","18.06.18"
"Rick and Morty: Staffel 3: Nicht ohne meine Toxine","17.06.18"
"Rick and Morty: Staffel 3: Schmeiß den Opa aus dem Zug","17.06.18"
"Rick and Morty: Staffel 3: Vindicators 3: Worldenders Rückkehr","16.06.18"
"Rick and Morty: Staffel 3: Gurken-Rick","16.06.18"
"Rick and Morty: Staffel 3: Jenseits der Blutkuppel","16.06.18"
"Rick and Morty: Staffel 3: Raus aus meinem Kopf!","15.06.18"
"Rick and Morty: Staffel 2: Die Vogelmenschhochzeit","14.06.18"
"Rick and Morty: Staffel 2: Anarchie für Anfänger","14.06.18"
"Rick and Morty: Staffel 2: Wer A sagt, muss auch Penis sagen","14.06.18"
"Rick and Morty: Staffel 2: Jugendwahn","13.06.18"
"Rick and Morty: Staffel 2: Die Götter müssen verRickt sein","13.06.18"
"Rick and Morty: Staffel 2: Recall im Weltall","12.06.18"
"Rick and Morty: Staffel 2: Freunde und andere Parasiten","12.06.18"
"Rick and Morty: Staffel 2: Ein alter Schwarm","10.06.18"
"Rick and Morty: Staffel 2: Fünf Tage bis Mortynacht","09.06.18"
"Rick and Morty: Staffel 2: Geteilte Zeit ist doppelte Zeit","09.06.18"
"Rick and Morty: Staffel 1: Die Monster-Party","04.06.18"
"Rick and Morty: Staffel 1: Ein Rick kommt selten allein","04.06.18"
"Rick and Morty: Staffel 1: Krise im Fluchhandel","03.06.18"
"Rick and Morty: Staffel 1: Was wäre wenn?","03.06.18"
"Rick and Morty: Staffel 1: Morty Junior","02.06.18"
"Rick and Morty: Staffel 1: Rick Potion No. 9","02.06.18"
"Rick and Morty: Staffel 1: Der Fantastische Mr. Meeseeks","01.06.18"
"Rick and Morty: Staffel 1: M. Night Shaym-Aliens!","31.05.18"
"Rick and Morty: Staffel 1: Anatomie-Park","31.05.18"
"Rick and Morty: Staffel 1: Der Rasenmäher-Hund","31.05.18"
"Rick and Morty: Staffel 1: School of Rick","30.05.18"
"Family Guy: Staffel 10: Das große Los","29.05.18"
"Suits: Staffel 6: Stellungswechsel","05.05.18"
"Suits: Staffel 6: Quid Pro Quo","05.05.18"
"Suits: Staffel 6: Schuldeingeständnis","04.05.18"
"Suits: Staffel 6: Lampenfieber","04.05.18"
"Suits: Staffel 6: Das Gemälde","03.05.18"
"Suits: Staffel 6: Sie ist weg","02.05.18"
"Bodo Wartke – Noah war ein Archetyp – Live im Schmidts Tivoli in Hamburg","07.04.18"
"Suits: Staffel 6: Pearson Spector Litt","31.03.18"
"Suits: Staffel 6: 5 Jahre","31.03.18"
"Suits: Staffel 6: Geliehene Zeit","31.03.18"
"Suits: Staffel 6: Gegen die Zeit","30.03.18"
"Suits: Staffel 6: Das Versprechen","30.03.18"
"Suits: Staffel 6: Vertrauen","30.03.18"
"Suits: Staffel 6: 6 Stunden Freiheit","29.03.18"
"Suits: Staffel 6: Wieder im Spiel","28.03.18"
"Suits: Staffel 6: Beglichene Rechnungen","28.03.18"
"Suits: Staffel 6: Chaostage","28.03.18"
"The Standups: Staffel 2: Kyle Kinane","25.03.18"
"The Standups: Staffel 2: Gina Yashere","25.03.18"
"The Standups: Staffel 2: Joe List","25.03.18"
"Ricky Gervais: Humanity","24.03.18"
"White Collar: Staffel 1: Mord ist in Mode","11.02.18"
"White Collar: Staffel 1: Agent mit Spitzbube","10.02.18"
"MINDHUNTER: Staffel 1: Folge 1","20.01.18"
"Dark: Staffel 1: Alpha und Omega","16.01.18"
"Dark: Staffel 1: Alles ist jetzt","16.01.18"
"Dark: Staffel 1: Was man sät, das wird man ernten","16.01.18"
"Dark: Staffel 1: Kreuzwege","13.01.18"
"Dark: Staffel 1: Sic mundus creatus est","13.01.18"
"Dark: Staffel 1: Wahrheiten","11.01.18"
"Dark: Staffel 1: Doppelleben","04.01.18"
"House of Cards: Staffel 3: Kapitel 39","02.01.18"
"House of Cards: Staffel 3: Kapitel 38","02.01.18"
"Dark: Staffel 1: Gestern und Heute","19.12.17"
"Dark: Staffel 1: Lügen","18.12.17"
"Dark: Staffel 1: Geheimnisse","18.12.17"
"House of Cards: Staffel 3: Kapitel 37","14.12.17"
"House of Cards: Staffel 3: Kapitel 36","11.12.17"
"House of Cards: Staffel 3: Kapitel 35","09.12.17"
"House of Cards: Staffel 3: Kapitel 34","07.12.17"
"House of Cards: Staffel 3: Kapitel 33","05.12.17"
"House of Cards: Staffel 3: Kapitel 32","02.12.17"
"House of Cards: Staffel 3: Kapitel 31","27.11.17"
"House of Cards: Staffel 3: Kapitel 30","26.11.17"
"House of Cards: Staffel 3: Kapitel 29","25.11.17"
"House of Cards: Staffel 3: Kapitel 27","25.11.17"
"House of Cards: Staffel 2: Kapitel 26","24.11.17"
"House of Cards: Staffel 2: Kapitel 25","23.11.17"
"House of Cards: Staffel 2: Kapitel 24","22.11.17"
"House of Cards: Staffel 2: Kapitel 23","21.11.17"
"House of Cards: Staffel 2: Kapitel 22","20.11.17"
"House of Cards: Staffel 2: Kapitel 21","16.11.17"
"House of Cards: Staffel 2: Kapitel 20","16.11.17"
"House of Cards: Staffel 2: Kapitel 19","15.11.17"
"House of Cards: Staffel 2: Kapitel 18","09.11.17"
"House of Cards: Staffel 2: Kapitel 17","08.11.17"
"House of Cards: Staffel 2: Kapitel 16","07.11.17"
"House of Cards: Staffel 2: Kapitel 15","05.11.17"
"House of Cards: Staffel 2: Kapitel 14","05.11.17"
"House of Cards: Staffel 1: Kapitel 13","04.11.17"
"House of Cards: Staffel 1: Kapitel 12","02.11.17"
"House of Cards: Staffel 1: Kapitel 11","01.11.17"
"House of Cards: Staffel 1: Kapitel 10","31.10.17"
"House of Cards: Staffel 1: Kapitel 9","27.10.17"
"House of Cards: Staffel 1: Kapitel 8","25.10.17"
"House of Cards: Staffel 1: Kapitel 7","24.10.17"
"Serdar Somuncu – Der Hassprediger liest BILD","24.10.17"
"House of Cards: Staffel 1: Kapitel 6","22.10.17"
"House of Cards: Staffel 1: Kapitel 5","22.10.17"
"House of Cards: Staffel 1: Kapitel 4","19.10.17"
"House of Cards: Staffel 1: Kapitel 3","18.10.17"
"House of Cards: Staffel 1: Kapitel 2","17.10.17"
"House of Cards: Staffel 1: Kapitel 1","16.10.17"
"Sherlock: Staffel 3: Die Braut des Grauens","15.10.17"
"Sherlock: Staffel 3: Sein letzter Schwur","11.10.17"
"BoJack Horseman Christmas Special: Sabrina's Christmas Wish","03.10.17"
"BoJack Horseman: Staffel 1: BoJack hasst die Armee","29.09.17"
"BoJack Horseman: Staffel 1: BoJack Horseman: Die BoJack Horseman Story, Kapitel Eins","28.09.17"
"Per Anhalter durch die Galaxis","26.09.17"
"Sherlock: Staffel 3: Im Zeichen der Drei","21.09.17"
"Sherlock: Staffel 3: Der leere Sarg","18.09.17"
"Sherlock: Staffel 2: Der Reichenbachfall","18.09.17"
"Sherlock: Staffel 2: Die Hunde von Baskerville","13.09.17"
"Sherlock: Staffel 2: Ein Skandal in Belgravia","11.09.17"
"Sherlock: Staffel 1: Das große Spiel","03.09.17"
"Sherlock: Staffel 1: Der blinde Banker","30.08.17"
"Sherlock: Staffel 1: Ein Fall von Pink","27.08.17"
"Narcos: Staffel 1: Descenso","27.08.17"
"Planet Erde: Staffel 1: Von Pol zu Pol","25.07.17"
"Prison Break: Staffel 4: Ein letzter Schritt zur Freiheit","03.07.17"
"Prison Break: Staffel 4: Sei du selbst die Veränderung, die du dir wünschst für diese Welt","03.07.17"
"Prison Break: Staffel 4: Endspurt","03.07.17"
"Prison Break: Staffel 4: Wieder in den Schlagzeilen","02.07.17"
"Prison Break: Staffel 4: Hurensohn","02.07.17"
"Prison Break: Staffel 4: Plan mit Unbekannten","01.07.17"
"Prison Break: Staffel 4: Mutter aller Schlachten","01.07.17"
"Prison Break: Staffel 4: Die Dame im Schachspiel?","30.06.17"
"Prison Break: Staffel 4: Plötzliche Erkenntnis","29.06.17"
"Prison Break: Staffel 4: Angebote des Feindes","28.06.17"
"Prison Break: Staffel 4: Wer verkauft hier was und wen?","27.06.17"
"Prison Break: Staffel 4: Self-Service","27.06.17"
"Prison Break: Staffel 4: In aller Stille","27.06.17"
"Prison Break: Staffel 4: Auslöser","26.06.17"
"Prison Break: Staffel 4: Opfergang","25.06.17"
"Prison Break: Staffel 4: Krieg ohne Frieden","25.06.17"
"Prison Break: Staffel 4: Vier in Las Vegas","24.06.17"
"Prison Break: Staffel 4: Sackgassen","23.06.17"
"Prison Break: Staffel 4: Gretchenfragen","23.06.17"
"Prison Break: Staffel 4: Adler und Engel","22.06.17"
"Prison Break: Staffel 4: Frontenverschiebung","21.06.17"
"Prison Break: Staffel 4: Datendiebe","21.06.17"
"Prison Break: Staffel 4: Rückkehrer und Rächer","20.06.17"
"Prison Break: Staffel 3: Auf die Rettung folgt die Rache","19.06.17"
"Prison Break: Staffel 3: Die Schlinge zieht sich zu","19.06.17"
"Prison Break: Staffel 3: Unten durch","18.06.17"
"Prison Break: Staffel 3: Dreck begräbt die Moral","18.06.17"
"Prison Break: Staffel 3: Allein unter Feinden","17.06.17"
"Prison Break: Staffel 3: Freier Wille gegen Wahrheit","17.06.17"
"Prison Break: Staffel 3: Vertrauen vorbei","16.06.17"
"Prison Break: Staffel 3: Beweise müssen her","16.06.17"
"Prison Break: Staffel 3: Störeinflüsse","16.06.17"
"Prison Break: Staffel 3: Ungewollte Motivationen","15.06.17"
"Prison Break: Staffel 3: In weiter Ferne","14.06.17"
"Prison Break: Staffel 3: Nichts geschieht ohne Absicht","14.06.17"
"Prison Break: Staffel 3: Unerträgliche Glut","14.06.17"
"Prison Break: Staffel 2: Projekt Sona","13.06.17"
"Prison Break: Staffel 2: Zieländerung","13.06.17"
"Prison Break: Staffel 2: Panama","12.06.17"
"Prison Break: Staffel 2: Jeder gegen jeden","12.06.17"
"Prison Break: Staffel 2: Hand in Hand mit dem Schicksal","11.06.17"
"Prison Break: Staffel 2: Böses Blut","10.06.17"
"Prison Break: Staffel 2: Chicago","10.06.17"
"Prison Break: Staffel 2: Botschaften","10.06.17"
"Prison Break: Staffel 2: Hilft der Beweis?","09.06.17"
"Prison Break: Staffel 2: Abrechnung!","09.06.17"
"Prison Break: Staffel 2: Verbindung abgebrochen","08.06.17"
"Prison Break: Staffel 2: Bolshoi Booze","08.06.17"
"Prison Break: Staffel 2: Rendezvous","07.06.17"
"Prison Break: Staffel 2: Verjährungsfristen","07.06.17"
"Prison Break: Staffel 2: Reingefallen","06.06.17"
"Prison Break: Staffel 2: Unheil","05.06.17"
"Prison Break: Staffel 2: Jeanette","05.06.17"
"Prison Break: Staffel 2: Seite 1213","04.06.17"
"Prison Break: Staffel 2: Einer fällt","03.06.17"
"Prison Break: Staffel 2: Partnerschaften","03.06.17"
"Prison Break: Staffel 2: Wer ist Otis?","02.06.17"
"Prison Break: Staffel 2: Jäger und Gejagte","01.06.17"
"Prison Break: Staffel 1: Todgeweihte","31.05.17"
"Prison Break: Staffel 1: Countdown","31.05.17"
"Prison Break: Staffel 1: Keine Zeit mehr","31.05.17"
"Prison Break: Staffel 1: Opfer der Wahrheit","30.05.17"
"Prison Break: Staffel 1: Hoch gepokert","30.05.17"
"Prison Break: Staffel 1: Puzzleteile","29.05.17"
"Prison Break: Staffel 1: Lebenswege","29.05.17"
"Prison Break: Staffel 1: Totgeglaubte","28.05.17"
"Prison Break: Staffel 1: Im Schatten die Ratten ...","28.05.17"
"Prison Break: Staffel 1: Jetzt oder nie!","27.05.17"
"Prison Break: Staffel 1: Einer muss gehen","25.05.17"
"Prison Break: Staffel 1: Und dann waren es 7","24.05.17"
"Prison Break: Staffel 1: Zuwachs","23.05.17"
"Prison Break: Staffel 1: Plan in Gefahr","23.05.17"
"Prison Break: Staffel 1: Nur noch 17 Tage","23.05.17"
"Prison Break: Staffel 1: Lebensgefahr (Teil 2)","22.05.17"
"Prison Break: Staffel 1: Lebensgefahr (Teil 1)","22.05.17"
"Prison Break: Staffel 1: English, Fitz oder Percy?","21.05.17"
"Prison Break: Staffel 1: Veronica steigt ein","21.05.17"
"Prison Break: Staffel 1: Vertrauenstest","20.05.17"
"Prison Break: Staffel 1: Lügt Lincoln?","19.05.17"
"Prison Break: Staffel 1: Der große Plan","17.05.17"
"Suits: Staffel 5: Wem die Stunde schlägt","16.05.17"
"Suits: Staffel 5: Die Zeit läuft","15.05.17"
"Suits: Staffel 5: Selbstverteidigung","15.05.17"
"Suits: Staffel 5: Versuchung","14.05.17"
"Suits: Staffel 5: Zwietracht","14.05.17"
"Suits: Staffel 5: Ärger im Anzug","13.05.17"
"Suits: Staffel 5: Kuhhandel","12.05.17"
"Suits: Staffel 5: Ungebetene Gäste","10.05.17"
"Suits: Staffel 5: Stunde der Wahrheit","09.05.17"
"Suits: Staffel 5: Tiefschlag","09.05.17"
"Suits: Staffel 5: Zwickmühle","09.05.17"
"Suits: Staffel 5: Schlammschlacht","08.05.17"
"Suits: Staffel 5: Familiensache","07.05.17"
"Suits: Staffel 5: Weggefährten","06.05.17"
"Suits: Staffel 5: Keine Frage des Geldes","06.05.17"
"Suits: Staffel 5: Trennungsschmerzen","05.05.17"
"Suits: Staffel 4: Mehr als ein hübsches Gesicht","04.05.17"
"Suits: Staffel 4: Kämpfen, nicht kuscheln","03.05.17"
"Suits: Staffel 4: Entgleist","03.05.17"
"Suits: Staffel 4: Der Weg ist das Ziel","02.05.17"
"Suits: Staffel 4: Schweigen für Schweigen","02.05.17"
"Suits: Staffel 4: Genug ist genug","01.05.17"
": ","01.05.17"
"Suits: Staffel 4: Spiel mit dem Feuer","01.05.17"
"Suits: Staffel 4: Rückzug","01.05.17"
"Suits: Staffel 4: Tiefe Einblicke","30.04.17"
"Suits: Staffel 4: Neue Ufer","30.04.17"
"Uhrwerk Orange","29.04.17"
"Suits: Staffel 4: Nicht die ganze Wahrheit","27.04.17"
"Suits: Staffel 4: Schwächeanfall","26.04.17"
"Suits: Staffel 4: Wie du mir, so ich dir","26.04.17"
"Suits: Staffel 4: Kampfansage","25.04.17"
"Suits: Staffel 4: Zwei vor, einen zurück","24.04.17"
"Black Mirror: Staffel 3: Erlebnishunger","23.04.17"
"Black Mirror: Staffel 2: Weiße Weihnachten","22.04.17"
"Suits: Staffel 4: Start mit Schwierigkeiten","22.04.17"
"Black Mirror: Staffel 2: Die Waldo-Kandidatur","18.04.17"
"Black Mirror: Staffel 2: Böse Neue Welt","18.04.17"
"Black Mirror: Staffel 2: Wiedergänger","16.04.17"
"Black Mirror: Staffel 3: Abgestürzt","16.04.17"
"Black Mirror: Staffel 1: Das transparente Ich","16.04.17"
"Black Mirror: Staffel 1: Das Leben als Spiel","15.04.17"
"Black Mirror: Staffel 1: Der Wille des Volkes","09.04.17"
"Suits: Staffel 3: Abschiede","02.04.17"
"Suits: Staffel 3: Wissen, wann Schluss ist","01.04.17"
"Suits: Staffel 3: Herzenssachen","01.04.17"
"Suits: Staffel 3: Spannungsfelder","30.03.17"
"Suits: Staffel 3: Vergiss Gestern","29.03.17"
"Suits: Staffel 3: Private Einsichten","29.03.17"
"Suits: Staffel 3: Paare und Partner","27.03.17"
"Suits: Staffel 3: Verlieren, um zu gewinnen","18.03.17"
"Suits: Staffel 3: Endspiel","11.03.17"
"Suits: Staffel 3: Reviermarkierung","11.03.17"
"Paranormal Activity","11.03.17"
"Suits: Staffel 3: Gestern ist Heute","10.03.17"
"Suits: Staffel 3: Zweifelhafte Absichten","08.03.17"
"Suits: Staffel 3: Interessenkonflikt","07.03.17"
"Suits: Staffel 3: Offene Rechnung","07.03.17"
"Suits: Staffel 3: Partnerwahl","07.03.17"
"Suits: Staffel 3: Neupositionierung","05.03.17"
